科研患者编号,d3,djj,duodenum,sma_smv,inversion,fluid,dynamic,compress,cecum,doppler,whirl_pos,gas_limit,d3_or_djj
5659,False,False,True,False,False,False,False,False,False,True,False,False,False
5671,False,False,False,False,False,False,False,False,False,True,True,False,False
32686,False,False,False,False,False,False,False,False,False,True,True,False,False
96146,False,False,False,False,False,False,False,False,False,True,False,False,False
313858,False,False,False,False,False,False,False,False,False,True,False,True,False
343074,False,False,False,False,False,False,False,False,False,True,True,False,False
548970,False,False,False,False,False,False,False,False,False,True,False,False,False
604882,False,False,False,False,False,False,False,True,False,True,True,False,False
842252,True,False,True,False,False,True,False,False,False,False,False,False,True
876075,False,False,False,False,False,False,False,False,False,True,True,True,False
1264808,False,False,False,False,False,False,False,False,False,True,True,False,False
1365909,False,False,False,False,False,False,False,False,False,True,True,True,False
1426267,False,False,False,False,False,False,False,False,False,True,False,True,False
1480037,False,False,False,True,True,False,False,False,False,True,True,False,False
1547144,False,False,False,False,False,False,False,False,False,True,False,False,False
1799490,False,False,False,False,False,False,False,False,False,True,False,False,False
1862817,False,False,False,False,False,False,False,False,False,True,False,True,False
2138260,False,False,False,False,False,False,False,False,False,True,True,False,False
2176251,False,False,False,False,False,False,False,False,False,True,False,True,False
2247151,False,False,False,False,False,False,False,False,False,True,False,True,False
2326056,False,False,False,False,False,False,False,False,False,True,False,False,False
2352323,False,False,False,False,False,False,False,False,False,True,True,True,False
2368339,False,False,False,False,False,False,False,False,False,True,False,True,False
2385429,False,False,False,False,False,False,False,False,False,True,False,False,False
2672759,False,False,False,False,False,False,False,False,False,True,True,False,False
2673171,False,False,False,False,False,False,False,False,False,True,True,False,False
2740939,False,False,False,False,False,False,False,False,False,True,False,True,False
2745315,False,False,False,False,False,False,False,False,False,True,True,True,False
3484771,False,False,False,False,False,False,False,False,False,True,True,False,False
3545381,False,False,True,False,False,False,False,False,False,True,True,False,False
3546871,False,False,False,True,False,False,False,False,True,True,False,False,False
3556916,False,False,False,False,False,False,False,False,False,True,False,True,False
3565173,False,False,False,False,False,False,False,False,False,True,True,False,False
3698508,False,False,False,False,False,False,False,False,False,True,True,False,False
3724539,False,False,False,False,False,False,True,False,False,True,False,True,False
3729761,False,False,False,False,False,False,False,False,False,True,False,False,False
3813706,False,False,False,False,False,False,False,False,False,True,True,False,False
3819846,False,False,False,False,False,False,False,False,False,True,False,False,False
3826010,False,False,False,False,False,False,False,False,False,True,False,False,False
3859639,False,False,False,False,False,False,False,False,False,True,False,False,False
3930480,False,False,False,False,False,False,False,False,False,True,False,False,False
3937695,False,False,False,False,False,False,False,False,False,True,False,True,False
4036792,False,False,False,False,False,False,False,False,False,True,False,True,False
4040369,False,False,False,False,False,False,False,False,False,True,False,False,False
4047383,False,False,False,False,False,False,False,False,False,True,False,False,False
4155811,False,False,False,False,False,False,False,False,False,True,True,True,False
4156778,False,False,False,False,False,False,False,False,False,True,True,False,False
4158161,False,False,False,False,False,False,False,False,False,True,True,False,False
4188510,False,False,False,False,False,False,False,False,False,True,True,False,False
4215752,False,False,False,False,False,False,False,False,False,True,False,True,False
4217808,False,False,False,False,False,False,False,False,False,True,True,False,False
4265383,False,False,False,False,False,False,False,False,False,True,False,True,False
4276724,False,False,False,False,False,False,False,False,False,True,True,True,False
4310607,False,False,False,False,False,False,False,False,True,True,False,False,False
4378732,False,False,False,False,False,False,False,False,False,True,False,False,False
4379700,False,False,False,False,False,False,False,False,False,True,False,True,False
4381984,False,False,False,False,False,False,False,False,False,True,True,True,False
4546718,False,False,False,False,False,False,False,False,False,True,False,True,False
4921963,False,False,False,False,False,False,False,False,False,True,False,False,False
4977587,False,False,False,False,False,False,False,False,False,True,False,False,False
5017463,False,False,False,False,False,False,False,False,False,True,False,True,False
5520878,False,False,False,False,False,False,False,False,False,True,False,False,False
5530517,False,False,False,False,False,False,False,False,True,True,True,False,False
5574210,False,False,False,False,False,False,False,False,False,True,True,False,False
5574297,False,False,False,False,False,False,False,False,False,True,True,False,False
5702604,False,False,False,False,False,False,False,False,False,True,True,False,False
5883587,False,False,False,False,False,False,False,False,False,True,True,False,False
5884376,False,False,False,False,False,False,False,False,False,True,True,False,False
5884752,False,False,False,False,False,False,False,False,False,True,True,False,False
5886716,False,False,False,False,False,False,False,False,False,True,True,True,False
5888717,False,False,False,False,False,False,False,False,True,True,True,False,False
7943787,False,False,False,False,False,False,False,False,False,True,True,False,False
8214296,False,False,False,False,False,False,False,False,False,True,False,False,False
8264993,False,False,False,False,False,False,False,False,False,True,False,False,False
8294385,False,False,False,False,False,False,False,False,False,True,True,True,False
8306530,False,False,False,False,False,False,False,False,False,True,True,True,False
8328420,False,False,False,False,False,False,False,False,False,True,True,False,False
8351903,False,False,False,False,False,False,False,False,False,True,True,True,False
8398000,False,False,False,False,False,False,False,False,False,True,False,False,False
8398311,False,False,False,False,False,False,False,False,False,True,False,False,False
8424208,False,False,False,False,False,False,False,False,False,True,True,False,False
8442951,False,False,False,False,False,False,False,False,False,True,False,True,False
8673539,True,True,True,False,False,False,False,False,False,True,False,False,True
8791247,False,False,False,False,False,False,False,False,False,True,True,False,False
8871042,False,False,False,False,False,False,False,False,False,True,True,False,False
8998967,False,False,False,False,False,False,False,False,False,True,False,False,False
9189400,False,False,False,False,False,False,False,False,False,True,False,True,False
9450981,False,False,False,False,False,False,False,False,False,True,True,False,False
9506427,False,False,False,False,False,False,False,False,False,True,True,False,False
9701918,False,False,False,False,False,False,False,False,False,True,True,False,False
9882297,False,False,False,False,False,False,False,False,False,True,True,False,False
9912595,False,False,False,False,False,False,False,False,False,True,False,False,False
10140565,False,False,False,False,False,False,False,False,False,True,False,True,False
10160242,False,False,False,False,False,False,False,False,False,True,True,False,False
10459499,False,False,False,False,False,False,False,False,False,True,True,False,False
10656834,False,False,False,False,False,False,False,False,False,True,True,True,False
10714809,False,False,False,False,False,False,True,False,False,True,False,False,False
10744720,False,False,False,False,False,False,False,False,False,True,True,False,False
10746232,False,False,False,False,False,False,False,False,False,True,False,False,False
11144243,False,False,False,False,False,False,False,False,False,True,True,False,False
11907542,False,False,False,False,False,False,False,False,False,True,True,False,False
17337851,False,False,False,False,False,False,False,False,False,True,False,False,False
19025013,False,False,False,False,False,False,False,False,False,True,True,False,False
26699416,False,False,False,False,False,False,False,False,False,True,False,False,False
31645208,True,False,True,True,False,False,False,False,False,False,False,True,True
35628612,False,False,False,False,False,False,False,False,False,True,True,False,False
35702462,False,False,False,False,False,False,False,False,False,True,True,False,False
35724137,False,False,True,False,False,False,False,False,False,True,False,False,False
35726912,False,False,False,False,False,False,True,False,False,True,True,False,False
35792266,False,False,False,False,False,False,False,False,False,True,False,False,False
35807877,False,False,False,False,False,False,False,False,False,True,False,True,False
35857057,False,False,False,False,False,False,False,False,False,True,False,False,False
35883147,False,False,False,False,False,False,False,False,False,True,True,True,False
36077144,False,False,False,False,False,False,False,False,False,True,False,False,False
36142733,False,False,False,False,False,False,False,False,False,True,False,False,False
36212182,False,False,False,False,False,False,False,False,False,True,True,True,False
36212937,False,False,True,False,False,True,True,False,False,False,False,False,False
36313424,False,False,False,False,False,False,False,False,False,True,False,True,False
36321499,False,False,False,False,False,False,False,False,True,True,True,False,False
